"ems16_tq_mn","em16_","ems16_tq_t","ems16_tq_mx","ems16_cr__","ems16_n_","ems16_s_","ems16_cf__","ftc11_cr_ftc_tq","ftc11_cf_ftc_cnr","ftc11_cf_ftc_cnc","ftc11_cf_ftc_cv","ftc11_cf_ftc_blwrn","ftc11_cf_ftc_blwrm","ftc11_cf_ftc_n","ftc11_cf_ftc_s","fatc11_cr_ftc_ttmp","ftc11_cr_ftc_ttmps","ftc11_cf_ftc_cm","ftc11_cf_ftc_ct","ftc11_cf_ftc_t","ems_h12_r_t","ems_h12_r_p","ems_h12_t_","ems_h12_cf_ms_s","ems_h12_r_n","ems_h12_cf_ms_d","ems_h12_cf_ms_c","ems_h12_cf_ms_n","e_12___2","t11___","tc11_f_","tc11_tc_t","tc11_tc_b","tc11_sw_g","tc11_g_","tc11_tq_","tc11_tm_","tc11_n_","tc11_sw_c","esp12_lt_","esp12_lt_ccl_s","esp12_lt_ccl_d","esp12_ln_","esp12_lng_ccl_s","esp12_lng_ccl_d","esp12_c_","esp12_cyl_prs_s","esp12_cyl_prss_","esp12_y_","esp12_yw_rt_s","esp12_yw_rt_d","ss11_ss_n","ss11_ss_sp","ss11_ss_st","tc12_t_","tc12_c_","tc12_v_","tc12_nh__","tc12_n_n_","tc12_s__","tc12_n_t_","ems11_s_","ems11_c_","ems11_p_","ems11_r_","ems11_t_","ems11_n","ems11_tqi","ems11_tqf","ems11_v","e2","ems15_c","ems15_n","ems14_l_","ems14_m_","tc13_n__","tc13__","tc13_cf_tc_nh","tc13_cf_tc_sg","tc13_cf_tc_b","tc13_cf_tc_nc","tc13_cf_tc_tr","tc13_cf_tc_sh","tc13_cf_tc_tq","ems12_cn_","ems12_t_","e12____","ems12_ck_","ems12_d__","ems12_cc_","ems12_cl_","ems12_b_","em12_","ems12_p__"
"ems16_tqi_min","1","","","","","","","","","","","","","","","","","","","","","","","","","","","","","","","","","","","","","","","","","","","","","","","","","","","","","","","","","","","","","","","","","","","","","","","","","","","","","","","","","","","","","","","","","","","","","",""
"ems16_tqi",".","1","","","","","","","","","","","","","","","","","","","","","","","","","","","","","","","","","","","","","","","","","","","","","","","","","","","","","","","","","","","","","","","","","","","","","","","","","","","","","","","","","","","","","","","","","","","","",""
"ems16_tqi_target",".","+","1","","","","","","","","","","","","","","","","","","","","","","","","","","","","","","","","","","","","","","","","","","","","","","","","","","","","","","","","","","","","","","","","","","","","","","","","","","","","","","","","","","","","","","","","","","","",""
"ems16_tqi_max"," ",".",".","1","","","","","","","","","","","","","","","","","","","","","","","","","","","","","","","","","","","","","","","","","","","","","","","","","","","","","","","","","","","","","","","","","","","","","","","","","","","","","","","","","","","","","","","","","","",""
"ems16_cruise_lamp_s"," "," "," "," ","1","","","","","","","","","","","","","","","","","","","","","","","","","","","","","","","","","","","","","","","","","","","","","","","","","","","","","","","","","","","","","","","","","","","","","","","","","","","","","","","","","","","","","","","","","",""
"ems16_eng_stat"," "," "," ","."," ","1","","","","","","","","","","","","","","","","","","","","","","","","","","","","","","","","","","","","","","","","","","","","","","","","","","","","","","","","","","","","","","","","","","","","","","","","","","","","","","","","","","","","","","","","",""
"ems16_soak_time"," "," "," "," "," "," ","1","","","","","","","","","","","","","","","","","","","","","","","","","","","","","","","","","","","","","","","","","","","","","","","","","","","","","","","","","","","","","","","","","","","","","","","","","","","","","","","","","","","","","","","",""
"ems16_cf_ems_aclact"," "," "," "," "," "," "," ","1","","","","","","","","","","","","","","","","","","","","","","","","","","","","","","","","","","","","","","","","","","","","","","","","","","","","","","","","","","","","","","","","","","","","","","","","","","","","","","","","","","","","","","",""
"fatc11_cr_fatc_tqacnout"," "," "," "," "," "," "," "," ","1","","","","","","","","","","","","","","","","","","","","","","","","","","","","","","","","","","","","","","","","","","","","","","","","","","","","","","","","","","","","","","","","","","","","","","","","","","","","","","","","","","","","","",""
"fatc11_cf_fatc_acnrqswi"," "," "," "," "," "," "," "," ",",","1","","","","","","","","","","","","","","","","","","","","","","","","","","","","","","","","","","","","","","","","","","","","","","","","","","","","","","","","","","","","","","","","","","","","","","","","","","","","","","","","","","","","",""
"fatc11_cf_fatc_acncltenrq"," "," "," "," "," "," "," "," ",",","B","1","","","","","","","","","","","","","","","","","","","","","","","","","","","","","","","","","","","","","","","","","","","","","","","","","","","","","","","","","","","","","","","","","","","","","","","","","","","","","","","","","","","",""
"fatc11_cf_fatc_ecvflt"," "," "," "," "," "," "," "," "," "," "," ","1","","","","","","","","","","","","","","","","","","","","","","","","","","","","","","","","","","","","","","","","","","","","","","","","","","","","","","","","","","","","","","","","","","","","","","","","","","","","","","","","","","",""
"fatc11_cf_fatc_blwron"," "," "," "," "," "," "," "," ",",","+",","," ","1","","","","","","","","","","","","","","","","","","","","","","","","","","","","","","","","","","","","","","","","","","","","","","","","","","","","","","","","","","","","","","","","","","","","","","","","","","","","","","","","","",""
"fatc11_cf_fatc_blwrmax"," "," "," "," "," "," "," "," "," "," "," "," "," ","1","","","","","","","","","","","","","","","","","","","","","","","","","","","","","","","","","","","","","","","","","","","","","","","","","","","","","","","","","","","","","","","","","","","","","","","","","","","","","","","","",""
"fatc11_cf_fatc_engstartreq"," "," "," "," "," "," "," "," "," "," "," "," "," "," ","1","","","","","","","","","","","","","","","","","","","","","","","","","","","","","","","","","","","","","","","","","","","","","","","","","","","","","","","","","","","","","","","","","","","","","","","","","","","","","","","",""
"fatc11_cf_fatc_isgstopreq"," "," "," "," "," "," "," "," "," "," "," "," "," "," "," ","1","","","","","","","","","","","","","","","","","","","","","","","","","","","","","","","","","","","","","","","","","","","","","","","","","","","","","","","","","","","","","","","","","","","","","","","","","","","","","","",""
"fatc11_cr_fatc_outtemp"," "," "," "," "," "," "," "," ",".",".","."," "," "," "," "," ","1","","","","","","","","","","","","","","","","","","","","","","","","","","","","","","","","","","","","","","","","","","","","","","","","","","","","","","","","","","","","","","","","","","","","","","","","","","","","","",""
"fatc11_cr_fatc_outtempsns"," "," "," "," "," "," "," "," ",".",".","."," "," "," "," "," ","+","1","","","","","","","","","","","","","","","","","","","","","","","","","","","","","","","","","","","","","","","","","","","","","","","","","","","","","","","","","","","","","","","","","","","","","","","","","","","","",""
"fatc11_cf_fatc_compload"," "," "," "," "," "," "," "," "," "," "," "," "," "," "," "," "," "," ","1","","","","","","","","","","","","","","","","","","","","","","","","","","","","","","","","","","","","","","","","","","","","","","","","","","","","","","","","","","","","","","","","","","","","","","","","","","","",""
"fatc11_cf_fatc_activeeco"," "," "," "," "," "," "," "," "," "," "," "," "," "," "," "," "," "," "," ","1","","","","","","","","","","","","","","","","","","","","","","","","","","","","","","","","","","","","","","","","","","","","","","","","","","","","","","","","","","","","","","","","","","","","","","","","","","",""
"fatc11_cf_fatc_autoactivation"," "," "," "," "," "," "," "," "," "," "," "," "," "," "," "," "," "," "," "," ","1","","","","","","","","","","","","","","","","","","","","","","","","","","","","","","","","","","","","","","","","","","","","","","","","","","","","","","","","","","","","","","","","","","","","","","","","","",""
"ems_h12_r_tqacnapvc"," "," "," "," "," "," "," "," ","+","*","B"," ",","," "," "," ",".","."," "," "," ","1","","","","","","","","","","","","","","","","","","","","","","","","","","","","","","","","","","","","","","","","","","","","","","","","","","","","","","","","","","","","","","","","","","","","","","","","",""
"ems_h12_r_pacnc"," "," "," "," "," "," "," "," ",",",",",","," ","."," "," "," ",",",","," "," "," ",",","1","","","","","","","","","","","","","","","","","","","","","","","","","","","","","","","","","","","","","","","","","","","","","","","","","","","","","","","","","","","","","","","","","","","","","","","",""
"ems_h12_tqi_b"," ","*","*",","," "," "," "," "," "," "," "," "," "," "," "," "," "," "," "," "," "," "," ","1","","","","","","","","","","","","","","","","","","","","","","","","","","","","","","","","","","","","","","","","","","","","","","","","","","","","","","","","","","","","","","","","","","","","","","",""
"ems_h12_cf_ems_isgstat"," "," "," "," "," "," "," "," "," "," "," "," "," "," "," "," "," "," "," "," "," "," "," "," ","1","","","","","","","","","","","","","","","","","","","","","","","","","","","","","","","","","","","","","","","","","","","","","","","","","","","","","","","","","","","","","","","","","","","","","",""
"ems_h12_r_nengidltgc","."," "," "," "," "," "," "," "," "," "," "," "," "," "," "," "," "," "," "," "," "," "," "," "," ","1","","","","","","","","","","","","","","","","","","","","","","","","","","","","","","","","","","","","","","","","","","","","","","","","","","","","","","","","","","","","","","","","","","","","",""
"ems_h12_cf_ems_descurgr"," "," "," "," "," "," "," "," "," "," "," "," "," "," "," "," "," "," "," "," "," "," "," "," "," "," ","1","","","","","","","","","","","","","","","","","","","","","","","","","","","","","","","","","","","","","","","","","","","","","","","","","","","","","","","","","","","","","","","","","","","",""
"ems_h12_cf_ems_actecoact"," "," "," "," "," "," "," "," "," "," "," "," "," "," "," "," "," "," "," "," "," "," "," "," "," "," "," ","1","","","","","","","","","","","","","","","","","","","","","","","","","","","","","","","","","","","","","","","","","","","","","","","","","","","","","","","","","","","","","","","","","","",""
"ems_h12_cf_ems_engrunnorm"," "," "," "," "," "," "," "," "," "," "," "," "," "," "," "," "," "," "," "," "," "," "," "," ","."," "," ",".","1","","","","","","","","","","","","","","","","","","","","","","","","","","","","","","","","","","","","","","","","","","","","","","","","","","","","","","","","","","","","","","","","","",""
"ems_h12_cf_ems_isgstat2"," "," "," "," "," "," "," "," "," "," "," "," "," "," "," "," "," "," "," "," "," "," "," "," "," "," "," "," "," ","1","","","","","","","","","","","","","","","","","","","","","","","","","","","","","","","","","","","","","","","","","","","","","","","","","","","","","","","","","","","","","","","","",""
"tcu11_tqi_tcu_inc"," "," "," "," "," "," "," "," "," "," "," "," "," "," "," "," "," "," "," "," "," "," "," "," "," "," "," "," "," "," ","1","","","","","","","","","","","","","","","","","","","","","","","","","","","","","","","","","","","","","","","","","","","","","","","","","","","","","","","","","","","","","","","",""
"tcu11_f_tcu"," "," "," "," "," "," "," "," "," "," "," "," "," "," "," "," "," "," "," "," "," "," "," "," "," "," "," "," "," "," "," ","1","","","","","","","","","","","","","","","","","","","","","","","","","","","","","","","","","","","","","","","","","","","","","","","","","","","","","","","","","","","","","","",""
"tcu11_tcu_type"," "," "," "," "," "," "," "," "," "," "," "," "," "," "," "," "," "," "," "," "," "," "," "," "," "," "," "," "," "," "," "," ","1","","","","","","","","","","","","","","","","","","","","","","","","","","","","","","","","","","","","","","","","","","","","","","","","","","","","","","","","","","","","","",""
"tcu11_tcu_obd"," "," "," "," "," "," "," "," "," "," "," "," "," "," "," "," "," "," "," "," "," "," "," "," "," "," "," "," "," "," "," "," ","B","1","","","","","","","","","","","","","","","","","","","","","","","","","","","","","","","","","","","","","","","","","","","","","","","","","","","","","","","","","","","","",""
"tcu11_swi_gs"," "," "," "," "," "," "," "," "," "," "," "," "," "," "," "," "," "," "," "," "," "," "," "," "," "," "," "," "," "," "," "," "," "," ","1","","","","","","","","","","","","","","","","","","","","","","","","","","","","","","","","","","","","","","","","","","","","","","","","","","","","","","","","","","","",""
"tcu11_gear_type"," "," "," "," "," "," "," "," "," "," "," "," "," "," "," "," "," "," "," "," "," "," "," "," "," "," "," "," "," "," "," "," ","B","B"," ","1","","","","","","","","","","","","","","","","","","","","","","","","","","","","","","","","","","","","","","","","","","","","","","","","","","","","","","","","","","",""
"tcu11_tqi_tcu"," "," "," "," "," "," "," "," "," "," "," "," "," "," "," "," "," "," "," "," "," "," "," "," "," "," "," "," "," "," "," "," "," "," "," "," ","1","","","","","","","","","","","","","","","","","","","","","","","","","","","","","","","","","","","","","","","","","","","","","","","","","","","","","","","","","",""
"tcu11_temp_at"," "," "," "," "," "," "," "," "," "," "," "," "," "," "," "," "," "," "," "," "," "," "," "," "," ","."," "," "," "," "," "," ",",",","," ",","," ","1","","","","","","","","","","","","","","","","","","","","","","","","","","","","","","","","","","","","","","","","","","","","","","","","","","","","","","","","",""
"tcu11_n_tc","."," ","."," "," "," "," "," "," "," "," "," "," "," "," "," "," "," "," "," "," "," "," ","."," "," "," "," "," "," "," "," ",".","."," ","."," ",".","1","","","","","","","","","","","","","","","","","","","","","","","","","","","","","","","","","","","","","","","","","","","","","","","","","","","","","","","",""
"tcu11_swi_cc",",",".",","," "," "," "," "," "," "," "," "," "," "," "," "," "," "," "," "," "," "," "," ","."," "," "," "," "," "," "," "," "," "," "," "," "," "," ",".","1","","","","","","","","","","","","","","","","","","","","","","","","","","","","","","","","","","","","","","","","","","","","","","","","","","","","","","",""
"esp12_lat_accel"," "," "," "," "," "," "," "," "," "," "," "," "," "," "," "," "," "," "," "," "," "," "," "," "," "," "," "," "," "," "," "," "," "," "," "," "," "," "," "," ","1","","","","","","","","","","","","","","","","","","","","","","","","","","","","","","","","","","","","","","","","","","","","","","","","","","","","","",""
"esp12_lat_accel_stat"," "," "," "," "," "," "," "," "," "," "," ","."," "," "," "," "," "," "," "," "," "," "," "," "," "," "," "," "," "," "," "," "," "," "," "," "," "," "," "," "," ","1","","","","","","","","","","","","","","","","","","","","","","","","","","","","","","","","","","","","","","","","","","","","","","","","","","","","",""
"esp12_lat_accel_diag"," "," "," "," "," "," "," "," "," "," "," "," "," "," "," "," "," "," "," "," "," "," "," "," "," "," "," "," "," "," "," "," "," "," "," "," "," "," "," "," "," "," ","1","","","","","","","","","","","","","","","","","","","","","","","","","","","","","","","","","","","","","","","","","","","","","","","","","","","",""
"esp12_long_accel"," ",",",".","."," "," "," "," "," "," "," "," "," "," "," "," "," "," "," "," "," "," "," ",","," "," "," "," "," "," "," "," "," "," "," "," "," "," "," "," "," "," "," ","1","","","","","","","","","","","","","","","","","","","","","","","","","","","","","","","","","","","","","","","","","","","","","","","","","","",""
"esp12_long_accel_stat"," "," "," "," "," "," "," "," "," "," "," ","."," "," "," "," "," "," "," "," "," "," "," "," "," "," "," "," "," "," "," "," "," "," "," "," "," "," "," "," "," ","1"," "," ","1","","","","","","","","","","","","","","","","","","","","","","","","","","","","","","","","","","","","","","","","","","","","","","","","","",""
"esp12_long_accel_diag"," "," "," "," "," "," "," "," "," "," "," "," "," "," "," "," "," "," "," "," "," "," "," "," "," "," "," "," "," "," "," "," "," "," "," "," "," "," "," "," "," "," ","1"," "," ","1","","","","","","","","","","","","","","","","","","","","","","","","","","","","","","","","","","","","","","","","","","","","","","","","",""
"esp12_cyl_pres","."," ","."," "," "," "," "," "," "," "," "," "," "," "," "," "," "," "," "," "," "," "," "," "," "," "," "," "," "," "," "," "," "," "," "," "," "," ",".","."," "," "," "," "," "," ","1","","","","","","","","","","","","","","","","","","","","","","","","","","","","","","","","","","","","","","","","","","","","","","","",""
"esp12_cyl_pres_stat"," "," "," "," "," "," "," "," "," "," "," "," "," "," "," "," "," "," "," "," "," "," "," "," "," "," "," "," "," "," "," "," "," "," "," "," "," "," "," "," "," ",","," "," ",","," "," ","1","","","","","","","","","","","","","","","","","","","","","","","","","","","","","","","","","","","","","","","","","","","","","","",""
"esp12_cyl_press_diag"," "," "," "," "," "," "," "," "," "," "," "," "," "," "," "," "," "," "," "," ","1"," "," "," "," "," "," "," "," "," "," "," "," "," "," "," "," "," "," "," "," "," "," "," "," "," "," "," ","1","","","","","","","","","","","","","","","","","","","","","","","","","","","","","","","","","","","","","","","","","","","","","",""
"esp12_yaw_rate"," "," "," "," "," "," "," "," "," "," "," "," "," "," "," "," "," "," "," "," "," "," "," "," "," "," "," "," "," "," "," "," "," "," "," "," "," "," "," "," ","."," "," "," "," "," "," "," "," ","1","","","","","","","","","","","","","","","","","","","","","","","","","","","","","","","","","","","","","","","","","","","","",""
"esp12_yaw_rate_stat"," "," "," "," "," "," "," "," "," "," "," ","."," "," "," "," "," "," "," "," "," "," "," "," "," "," "," "," "," "," "," "," "," "," "," "," "," "," "," "," "," ","1"," "," ","1"," "," ",","," "," ","1","","","","","","","","","","","","","","","","","","","","","","","","","","","","","","","","","","","","","","","","","","","",""
"esp12_yaw_rate_diag"," "," "," "," "," "," "," "," "," "," "," "," "," "," "," "," "," "," "," "," "," "," "," "," "," "," "," "," "," "," "," "," "," "," "," "," "," "," "," "," "," "," ","1"," "," ","1"," "," "," "," "," ","1","","","","","","","","","","","","","","","","","","","","","","","","","","","","","","","","","","","","","","","","","","",""
"sas11_sas_angle"," "," "," "," "," "," "," "," "," "," "," "," "," "," "," "," "," "," "," "," "," "," "," "," "," "," "," "," "," "," "," "," "," "," "," "," "," "," "," "," "," "," "," "," "," "," "," "," "," "," "," "," ","1","","","","","","","","","","","","","","","","","","","","","","","","","","","","","","","","","","","","","","","","","",""
"sas11_sas_speed"," "," "," "," "," "," "," "," "," "," "," "," "," "," "," "," "," "," "," "," "," "," "," "," "," "," "," "," "," "," "," "," "," "," "," "," "," "," "," "," "," "," "," "," "," "," "," "," "," "," "," "," "," ","1","","","","","","","","","","","","","","","","","","","","","","","","","","","","","","","","","","","","","","","","",""
"sas11_sas_stat"," "," "," "," "," "," "," "," "," "," "," "," "," "," "," "," "," "," "," "," "," "," "," "," "," "," "," "," "," "," "," "," "," "," "," "," "," "," "," "," "," "," "," "," "," "," "," "," "," "," "," "," "," "," ","1","","","","","","","","","","","","","","","","","","","","","","","","","","","","","","","","","","","","","","","",""
"tcu12_etl_tcu"," "," "," "," "," "," "," "," "," "," "," "," "," "," "," "," "," "," "," "," "," "," "," "," "," "," "," "," "," "," "," "," "," "," "," "," "," "," "," "," "," "," "," "," "," "," "," "," "," "," "," "," "," "," "," ","1","","","","","","","","","","","","","","","","","","","","","","","","","","","","","","","","","","","","","","",""
"tcu12_cur_gr","."," ","."," "," "," "," "," "," "," "," "," "," "," "," "," "," "," "," "," "," "," "," "," "," "," "," "," "," "," "," "," "," "," "," "," "," "," ",".","."," "," "," "," "," "," "," "," "," "," "," "," "," "," "," "," ","1","","","","","","","","","","","","","","","","","","","","","","","","","","","","","","","","","","","","","",""
"tcu12_vs_tcu",",",".","."," "," "," "," "," "," "," "," "," "," "," "," "," "," "," "," "," "," "," "," ","."," "," "," "," "," "," "," "," "," "," "," "," "," "," ",",",","," "," "," "," "," "," ","."," "," "," "," "," "," "," "," "," ",",","1","","","","","","","","","","","","","","","","","","","","","","","","","","","","","","","","","","","","",""
"tcu12_inh_fuel_cut"," "," "," "," "," "," "," "," "," "," "," "," "," "," "," "," "," "," "," "," "," "," "," "," "," "," "," "," "," "," ","."," "," "," "," "," "," "," "," "," "," "," "," "," "," "," "," "," "," "," "," "," "," "," "," "," "," "," ","1","","","","","","","","","","","","","","","","","","","","","","","","","","","","","","","","","","","",""
"tcu12_n_inc_tcu"," "," "," "," "," "," "," "," "," "," "," "," "," "," "," "," "," "," "," "," "," "," "," "," "," "," "," "," "," "," "," "," "," "," "," "," "," "," "," "," "," "," "," "," "," "," "," "," "," "," "," "," "," "," "," "," "," "," "," ","1","","","","","","","","","","","","","","","","","","","","","","","","","","","","","","","","","","",""
"tcu12_spk_rtd_tcu"," "," "," "," "," "," "," "," "," "," "," "," "," "," "," "," "," "," "," "," ","1"," "," "," "," "," "," "," "," "," "," "," "," "," "," "," "," "," "," "," "," "," "," "," "," "," "," "," ","1"," "," "," "," "," "," "," "," "," "," "," ","1","","","","","","","","","","","","","","","","","","","","","","","","","","","","","","","","","",""
"tcu12_n_tc_raw","."," ","."," "," "," "," "," "," "," "," "," "," "," "," "," "," "," "," "," "," "," "," ","."," "," "," "," "," "," "," "," ",".","."," ","."," ",".","B",","," "," "," "," "," "," ","."," "," "," "," "," "," "," "," "," ",".",","," "," "," ","1","","","","","","","","","","","","","","","","","","","","","","","","","","","","","","","","",""
"ems11_swi_igk"," "," "," "," "," ","."," "," "," "," "," "," "," "," "," "," "," "," "," "," "," "," "," "," "," "," "," "," "," "," "," "," "," "," "," "," "," "," "," "," "," "," "," "," "," "," "," "," "," "," "," "," "," "," "," "," "," "," "," "," "," "," ","1","","","","","","","","","","","","","","","","","","","","","","","","","","","","","","","",""
"ems11_ack_tcs"," "," "," "," "," "," "," "," "," "," "," "," "," "," "," "," "," "," "," "," "," "," "," "," "," "," "," "," "," "," "," "," "," "," "," "," "," "," "," "," "," "," "," "," "," "," "," "," "," "," "," "," "," "," "," "," "," "," "," "," "," "," "," ","1","","","","","","","","","","","","","","","","","","","","","","","","","","","","","","",""
"ems11_puc_stat"," ","."," ",","," "," "," "," "," "," "," "," "," "," "," "," "," "," "," "," "," "," "," ","."," "," "," "," "," "," "," "," "," "," "," "," "," "," "," "," "," "," "," ","."," "," "," "," "," "," "," "," "," "," "," "," "," "," "," "," "," "," "," "," ","1","","","","","","","","","","","","","","","","","","","","","","","","","","","","","",""
"ems11_rly_ac"," "," "," "," "," "," "," "," ","+","*","B"," ",","," "," "," ",".","."," "," "," ","B",","," "," "," "," "," "," "," "," "," "," "," "," "," "," "," "," "," "," "," "," "," "," "," "," "," "," "," "," "," "," "," "," "," "," "," "," "," "," "," "," "," "," ","1","","","","","","","","","","","","","","","","","","","","","","","","","","","","",""
"ems11_tqi_acor",".","B","+","."," "," "," "," "," "," "," "," "," "," "," "," "," "," "," "," "," "," "," ","*"," "," "," "," "," "," "," "," "," "," "," "," "," "," "," ","."," "," "," ","."," "," "," "," "," "," "," "," "," "," "," "," "," ","."," "," "," "," "," "," ","."," ","1","","","","","","","","","","","","","","","","","","","","","","","","","","","",""
"ems11_n",".",".",","," "," ","."," "," "," "," "," "," "," "," "," "," "," "," "," "," "," "," "," ","."," "," "," "," "," "," "," "," "," "," "," "," "," "," ",",",","," "," "," "," "," "," ","."," "," "," "," "," "," "," "," "," ",".",","," "," "," ",","," "," "," "," ",".","1","","","","","","","","","","","","","","","","","","","","","","","","","","",""
"ems11_tqi",".","B","+","."," "," "," "," "," "," "," "," "," "," "," "," "," "," "," "," "," "," "," ","*"," "," "," "," "," "," "," "," "," "," "," "," "," "," "," ","."," "," "," ",","," "," "," "," "," "," "," "," "," "," "," "," "," ","."," "," "," "," "," "," ","."," ","B",".","1","","","","","","","","","","","","","","","","","","","","","","","","","",""
"ems11_tqfr"," "," "," "," "," "," "," "," "," "," "," "," "," "," "," "," "," "," "," "," "," "," "," "," "," "," "," "," "," "," "," "," "," "," "," "," "," "," "," "," "," "," "," "," "," "," "," "," "," "," "," "," "," "," "," "," "," "," "," "," "," "," "," "," "," "," "," "," "," ","1","","","","","","","","","","","","","","","","","","","","","","","","",""
"ems11_vs",",",".","."," "," "," "," "," "," "," "," "," "," "," "," "," "," "," "," "," "," "," "," ","."," "," "," "," "," "," "," "," "," "," "," "," "," "," ",",","+"," "," "," "," "," "," ","."," "," "," "," "," "," "," "," "," ",",","B"," "," "," ",","," "," "," "," ",".",",","."," ","1","","","","","","","","","","","","","","","","","","","","","","","",""
"ems20_fco",".","+","*","."," "," "," "," "," "," "," "," "," "," "," "," "," "," "," "," "," "," "," ","*"," "," "," "," "," "," "," "," "," "," "," "," "," "," ",".","."," "," "," ","."," "," "," "," "," "," "," "," "," "," "," "," ",".","."," "," "," ","."," "," "," "," ","+",",","+"," ",".","1","","","","","","","","","","","","","","","","","","","","","","",""
"ems15_ecgpovrd",".",".","."," "," "," "," "," "," "," "," "," "," "," "," "," "," "," "," "," "," "," "," ","."," "," "," "," ","."," "," "," "," "," "," "," "," "," ",".","."," "," "," "," "," "," "," "," "," "," "," "," "," "," "," "," "," ","."," "," "," ","."," "," "," "," ",".",".","."," ",".",".","1","","","","","","","","","","","","","","","","","","","","","",""
"ems15_intairtemp"," "," "," "," "," "," "," "," "," "," "," "," "," "," "," "," ",".","."," "," "," "," ","."," "," "," "," "," "," "," "," "," "," "," "," "," "," "," "," "," "," "," "," "," "," "," "," "," "," "," "," "," "," "," "," "," "," "," "," "," "," "," "," "," "," "," "," "," "," "," "," "," "," ","1","","","","","","","","","","","","","","","","","","","","",""
"ems14_l_mil"," "," "," "," "," "," "," "," "," "," "," "," "," "," "," "," "," "," "," "," "," "," "," "," "," "," "," "," "," "," "," "," "," "," "," "," "," "," "," "," "," "," "," "," "," "," "," "," "," "," "," "," "," "," "," "," "," "," "," "," "," "," "," "," "," "," "," "," "," "," "," "," "," "," ","1","","","","","","","","","","","","","","","","","","","",""
"ems14_amp_can"," "," "," "," "," "," "," "," "," "," "," "," "," "," "," "," "," "," "," "," "," "," "," "," "," "," "," "," "," "," "," "," "," "," "," "," "," "," "," "," "," "," "," "," "," "," "," "," "," "," "," "," "," "," "," "," "," "," "," "," "," "," "," "," "," "," "," "," "," "," "," "," "," "," "," ","1","","","","","","","","","","","","","","","","","","",""
"tcu13_n_tgt_lup"," "," "," "," "," "," "," "," "," "," "," "," "," "," "," "," "," "," "," "," "," "," "," "," "," "," "," "," "," "," "," "," ","B","B"," ","B"," ",",","."," "," "," "," "," "," "," "," "," "," "," "," "," "," "," "," "," "," "," "," "," "," ","."," "," "," "," "," "," "," "," "," "," "," "," "," "," ","1","","","","","","","","","","","","","","","","","",""
"tcu13_slope_tcu"," "," "," "," "," "," "," "," "," "," "," "," "," "," "," "," "," "," "," "," "," "," "," "," "," "," "," "," "," "," "," "," "," "," "," "," "," "," "," "," "," "," "," "," "," "," "," "," "," "," "," "," "," "," "," "," "," "," "," "," "," "," "," "," "," "," "," "," "," "," "," "," "," "," "," "," "," ","1","","","","","","","","","","","","","","","","",""
"tcu13_cf_tcu_inhcda","?","?","?","?","?","?","?","?","?","?","?","?","?","?","?","?","?","?","?","?","?","?","?","?","?","?","?","?","?","?","?","?","?","?","?","?","?","?","?","?","?","?","?","?","?","?","?","?","?","?","?","?","?","?","?","?","?","?","?","?","?","?","?","?","?","?","?","?","?","?","?","?","?","?","?","?","?","?","1","","","","","","","","","","","","","","","",""
"tcu13_cf_tcu_isginhib"," "," "," "," "," ","."," "," "," "," "," "," "," "," "," "," "," "," "," "," "," "," "," "," ","."," "," "," "," "," "," "," ",".","."," ","."," ",".","."," "," "," "," "," "," "," ","."," "," "," "," "," "," "," "," "," "," ","."," "," "," ","."," "," "," "," "," ","."," "," ","."," "," "," "," "," ","."," ","?","1","","","","","","","","","","","","","","",""
"tcu13_cf_tcu_bkeonreq"," "," "," "," "," "," "," "," "," "," "," "," "," "," "," "," "," "," "," "," "," "," "," "," "," "," "," "," "," "," "," "," "," "," "," "," "," "," "," "," "," "," "," "," "," "," ","."," "," "," "," "," "," "," "," "," "," "," "," "," "," "," "," "," "," "," "," "," "," "," "," "," "," "," "," "," "," "," ","?"," ","1","","","","","","","","","","","","","",""
"tcu13_cf_tcu_ncstat"," "," "," "," "," "," "," "," "," "," "," "," "," "," "," "," "," "," "," "," "," "," "," "," "," "," "," "," "," "," "," "," "," "," "," "," "," "," "," "," "," "," "," "," "," "," ","."," "," "," "," "," "," "," "," "," "," "," "," "," "," "," "," "," "," "," "," "," "," "," "," "," "," "," "," "," "," "," ","?"," ","B","1","","","","","","","","","","","","",""
"tcu13_cf_tcu_targr","."," ","."," "," "," "," "," "," "," "," "," "," "," "," "," "," "," "," "," "," "," "," "," "," "," "," "," "," "," "," "," "," "," "," "," "," "," ",".","."," "," "," "," "," "," "," "," "," "," "," "," "," "," "," "," ","B",","," "," "," ","."," "," "," "," "," ","."," "," ",",","."," "," "," "," "," "," ","?"," "," "," ","1","","","","","","","","","","","",""
"tcu13_cf_tcu_shfpatt"," "," "," "," "," "," "," "," "," "," "," "," "," "," "," "," "," "," "," "," "," "," "," "," "," "," "," ","."," "," "," "," "," "," "," "," "," "," "," "," "," "," "," "," "," "," "," "," "," "," "," "," "," "," "," "," "," "," "," "," "," "," "," "," "," "," "," "," "," "," "," "," "," "," "," "," "," "," ","?"," "," "," "," ","1","","","","","","","","","","",""
"tcu13_cf_tcu_tqgrdlim"," "," "," "," "," "," "," "," "," "," "," "," "," "," "," "," "," "," "," "," "," "," "," "," "," "," "," "," "," "," "," "," ","B","B"," ","B"," ",",","."," "," "," "," "," "," "," "," "," "," "," "," "," "," "," "," "," "," "," "," "," "," ","."," "," "," "," "," "," "," "," "," "," "," "," "," "," ","1"," ","?","."," "," "," "," ","1","","","","","","","","","",""
"ems12_conf_tcu"," "," "," "," "," "," "," "," "," "," "," "," "," "," "," "," "," "," "," "," "," "," "," "," "," "," "," "," "," "," "," "," "," "," "," "," "," "," "," "," "," "," "," "," "," "," "," "," "," "," "," "," "," "," "," "," "," "," "," "," "," "," "," "," "," "," "," "," "," "," "," "," "," "," "," "," "," "," ","?"," "," "," "," "," "," ","1","","","","","","","","",""
"ems12_temp_eng","."," "," "," "," "," "," "," "," "," "," "," "," "," "," "," "," "," "," "," "," "," "," "," "," ",","," "," "," "," "," "," "," "," "," "," "," ","."," "," "," "," "," "," "," "," "," "," "," "," "," "," "," "," "," "," "," ","."," "," "," "," "," "," "," "," "," "," "," "," ","."," "," "," "," "," "," "," ","?"," "," "," "," "," "," "," ","1","","","","","","","",""
"ems12_maf_fac_alti_mmv"," "," "," "," "," "," "," "," "," "," "," "," "," "," "," "," "," "," "," "," ","1"," "," "," "," "," "," "," "," "," "," "," "," "," "," "," "," "," "," "," "," "," "," "," "," "," "," "," ","1"," "," "," "," "," "," "," "," "," "," "," ","1"," "," "," "," "," "," "," "," "," "," "," "," "," "," "," "," "," ","?"," "," "," "," "," "," "," "," ","1","","","","","","",""
"ems12_ack_es"," "," "," ","."," ","+","."," "," "," "," "," "," "," "," "," "," "," "," "," "," "," "," "," "," "," "," "," "," "," "," "," "," "," "," "," "," "," ","."," "," "," "," "," "," "," "," "," "," "," "," "," "," "," "," "," "," "," "," "," "," "," "," "," "," "," "," ","."," "," "," "," "," "," "," "," "," "," ","?","."," "," "," "," "," "," "," "," ","1","","","","","",""
"ems12_od_off_req"," "," "," "," "," "," "," "," "," "," "," "," "," "," "," "," "," "," "," "," "," "," "," "," "," "," "," "," "," "," "," "," "," "," "," "," "," "," "," "," "," "," "," "," "," "," "," "," "," "," "," "," "," "," "," "," "," "," "," "," "," "," "," "," "," "," "," "," "," "," "," "," "," "," "," "," "," "," ","?"," "," "," "," "," "," "," "," "," "," ","1","","","","",""
"ems12_acc_act"," "," "," "," ","B"," "," "," "," "," "," "," "," "," "," "," "," "," "," "," "," "," "," "," "," "," "," "," "," "," "," "," "," "," "," "," "," "," "," "," "," "," "," "," "," "," "," "," "," "," "," "," "," "," "," "," "," "," "," "," "," "," "," "," "," "," "," "," "," "," "," "," "," "," "," "," "," "," ","?"," "," "," "," "," "," "," "," "," "," "," ","1","","","",""
"ems12_clu_ack",","," ","."," "," "," "," "," "," "," "," "," "," "," "," "," "," "," "," "," "," "," "," "," "," "," "," "," ","."," "," "," "," "," "," "," "," "," ",".",","," "," "," "," "," "," "," "," "," "," "," "," "," "," "," "," ",".","."," "," "," ","."," "," "," "," "," ","."," "," ",","," ","."," "," "," "," "," ","?"," "," "," ","."," "," "," "," "," "," "," "," ","1","","",""
"ems12_brake_act",".",".","."," "," "," "," "," "," "," "," "," "," "," "," "," "," "," "," "," "," "," "," ","."," "," "," "," "," "," "," "," "," "," "," "," "," "," ",".","."," "," "," ","."," "," ",","," "," "," "," "," "," "," "," "," "," ","."," "," "," ","."," "," "," "," ",".",".","."," ",".",".","."," "," "," "," "," ","?",".","."," "," "," "," "," "," "," "," "," "," "," ","1","",""
"ems12_tps",".","+","B","."," "," "," "," "," "," "," "," "," "," "," "," "," "," "," "," "," "," "," ","*"," "," "," "," "," "," "," "," "," "," "," "," "," "," ",".",","," "," "," ","."," "," ","."," "," "," "," "," "," "," "," "," ",".","."," "," "," ","."," "," "," "," ","+",",","+"," ",".","*","."," "," "," "," "," ","?"," "," "," ","."," "," "," "," "," "," "," "," ",".",".","1",""
"ems12_pv_av_can",".","+","B","."," "," "," "," "," "," "," "," "," "," "," "," "," "," "," "," "," "," "," ","+"," "," "," "," "," "," "," "," "," "," "," "," "," "," ",".",","," "," "," ","."," "," ","."," "," "," "," "," "," "," "," "," ",".","."," "," "," ","."," "," "," "," ","+",",","+"," ",".","*","."," "," "," "," "," ","?"," "," "," ","."," "," "," "," "," "," "," "," ",".",".","B","1"
